title,steamAppID,releaseDate,normalPrice,metacriticScore,steamRatingText,steamRatingPercent,developers,publishers
Anomaly Defenders,294750,2014-05-29,9.99,70,Mostly Positive,75,11 bit studios,11 bit studios
Monster Energy Supercross - The Official Videogame 3,1089830,2020-02-04,24.99,72,Very Positive,88,Milestone S.r.l.,Milestone S.r.l.
Legends of Eisenwald,246760,2014-07-21,19.99,71,Mostly Positive,76,Aterdux Entertainment,Aterdux Entertainment
SPACECOM,263860,2014-09-17,9.99,68,Mixed,65,Flow Combine,11 bit studios
Trials Evolution: Gold Edition,220160,2013-03-21,19.99,85,Mostly Positive,75,Redlynx Ltd,Ubisoft
ALICE VR,513320,2016-10-27,9.99,55,Mixed,40,Carbon Studio,Klabater
GRIS,683320,2018-12-13,14.99,84,Overwhelmingly Positive,96,Nomada Studio,Devolver Digital
This War of Mine,282070,2014-11-14,19.99,83,Very Positive,94,11 bit studios,11 bit studios
Warhammer Quest,326670,2015-01-07,14.99,55,Mostly Positive,70,Rodeo Games,Chilled Mouse
My Memory of Us,651500,2018-10-09,17.99,69,Very Positive,92,Juggler Games,IMGN.PRO
We Are The Dwarves,395570,2016-02-25,14.99,60,Mostly Positive,73,Whale Rock Games,Whale Rock Games
A Case of Distrust,717610,2018-02-08,14.99,77,Very Positive,86,The Wandering Ben,The Wandering Ben
Ring Runner: Flight of the Sages,258010,2013-07-09,4.99,75,Very Positive,84,Triple.B.Titles,Triple.B.Titles
Middle-earth: Shadow of Mordor,241930,2014-09-30,19.99,84,Very Positive,91,Monolith Productions,Warner Bros. Games
Detective Di: The Silk Rose Murders,792040,2019-05-01,10.99,80,Very Positive,88,Nupixo Games,WhisperGames
Transference,647570,2018-09-18,24.99,78,Mostly Positive,72,Ubisoft,Ubisoft
Krater,42170,2012-06-12,14.99,52,Mixed,55,Fatshark,Fatshark
Car Mechanic Simulator 2015,320300,2015-04-23,19.99,68,Very Positive,92,Red Dot Games,PlayWay S.A.
Moonlighter,606150,2018-05-29,19.99,74,Very Positive,82,Digital Sun,11 bit studios
Rez Infinite,636450,2017-08-09,24.99,89,Very Positive,91,Monstars Inc.,Enhance
Tiny and Big: Grandpas Leftovers,205910,2012-06-19,11.99,75,Very Positive,92,Black Pants Studio,Black Pants Studio
Hostile Waters: Antaeus Rising,267980,2001-06-13,2.99,80,Very Positive,95,Rage Software,Funbox Media Ltd
Anno 2070,48240,2011-11-17,19.99,83,Mixed,59,Blue Byte,Ubisoft
The Messenger,764790,2018-08-30,19.99,83,Very Positive,93,Sabotage,Devolver Digital
Goetia,421740,2016-04-14,14.99,79,Mostly Positive,77,Sushee,Forever Entertainment S. A.
Curious Expedition,358130,2016-09-02,14.99,74,Very Positive,91,Maschinen-Mensch,Maschinen-Mensch
Kholat,343710,2015-06-09,19.99,64,Mixed,67,IMGN.PRO,IMGN.PRO
The Book of Unwritten Tales,215160,2011-10-28,19.99,82,Very Positive,90,KING Art,THQ Nordic
Max Payne 3,204100,2012-05-31,19.99,87,Very Positive,85,Rockstar Studios,Rockstar Games
Stars in Shadow,464880,2017-01-19,24.99,75,Mostly Positive,78,Ashdar Games,Iceberg Interactive
Pacific Storm Allies,11260,2008-01-28,7.99,60,Mixed,57,Lesta Studio,ESDigital Games
Max Payne 2: The Fall of Max Payne,12150,2003-10-14,14.99,86,Very Positive,94,Remedy Entertainment,Rockstar Games
Husk,553960,2017-02-03,19.99,44,Mixed,61,UndeadScout,IMGN.PRO
Audioshield,412740,2016-04-05,19.99,81,Very Positive,80,Dylan Fitterer,Dylan Fitterer
Shady Part of Me,1116580,2020-12-10,14.99,78,Very Positive,94,Douze Dixi√®mes,Focus Entertainment
Darkwood,274520,2017-08-17,14.99,80,Very Positive,94,Acid Wizard Studio,Acid Wizard Studio
Max Payne,12140,2001-07-23,9.99,89,Very Positive,89,Remedy Entertainment,Rockstar Games
Car Mechanic Simulator 2014,270850,2014-01-24,6.99,61,Very Positive,82,PlayWay S.A.,PlayWay S.A.
FAR: Lone Sails,609320,2018-05-17,14.99,80,Very Positive,94,Okomotive,Assemble Entertainment
Trials Fusion,245490,2014-04-16,19.99,80,Mixed,67,"RedLynx, in collaboration with  Ubisoft Shanghai, Ubisoft Kiev",Ubisoft
Inner Chains,537430,2017-05-18,19.99,40,Mixed,47,Telepaths Tree,IMGN.PRO
Tom Clancy's Rainbow Six Vegas 2,15120,2008-04-15,9.99,78,Very Positive,84,Ubisoft Montreal,Ubisoft
Valiant Hearts - The Great War,260230,2014-06-25,14.99,79,Overwhelmingly Positive,95,Ubisoft Montpellier,Ubisoft
Nikopol: Secrets of the Immortals,11370,2008-09-20,4.99,68,Mixed,60,White Birds,Meridian4
Doctor Who: The Edge Of Time,1075400,2019-11-12,24.99,60,Mixed,62,Maze Theory,Playstack
Scanner Sombre,475190,2017-04-26,5.99,67,Very Positive,91,Introversion Software,Introversion Software
SPRAWL,1549690,2023-08-23,14.99,76,Very Positive,85,MAETH,"Rogue Games, Inc."
Morbid: The Seven Acolytes,1140890,2020-12-03,24.99,71,Mostly Positive,76,Still Running,Merge Games
Slime Rancher,433340,2017-08-01,19.99,81,Overwhelmingly Positive,97,Monomi Park,Monomi Park
Airscape: The Fall of Gravity,317250,2015-08-11,15.96,75,Very Positive,81,Cross-Product,Senpai Studios
Sparklite,943140,2019-11-14,24.99,70,Mostly Positive,75,Red Blue Games,Maple Whispering Limited
Grow Home,323320,2015-02-04,7.99,75,Very Positive,93,"Reflections, a Ubisoft Studio",Ubisoft
Silence of the Sleep,321870,2014-10-01,4.99,66,Mostly Positive,77,Jesse Makkonen,Jesse Makkonen
Miasmata,223510,2012-11-28,14.99,76,Mostly Positive,77,IonFx,IonFX Studios
The Tiny Bang Story,96000,2011-04-22,4.99,63,Very Positive,88,Colibri Games,Colibri Games
Children of Morta,330020,2019-09-03,21.99,82,Very Positive,89,Dead Mage,11 bit studios
Enemy Front,256190,2014-06-10,19.99,52,Mixed,64,CI Games,CI Games
Space Hulk: Tactics,492230,2018-10-09,14.99,73,Mixed,63,Cyanide Studio,Focus Entertainment
The American Dream,456180,2018-03-13,14.99,72,Mixed,65,Samurai Punk,Samurai Punk
Chroma Squad,251130,2015-04-30,14.99,75,Overwhelmingly Positive,95,Behold Studios,Behold Studios
L.A. Noire,110800,1970-01-01,19.99,83,Very Positive,85,Team Bondi,Rockstar Games
Mortal Kombat X,307780,2015-04-13,19.99,76,Very Positive,87,NetherRealm Studios,Warner Bros. Interactive Entertainment
Eldest Souls,1108590,2021-07-29,19.99,76,Mostly Positive,78,Fallen Flag Studio,CI Games
Space Colony: Steam Edition,297920,2015-04-30,14.99,74,Mostly Positive,76,FireFly Studios,FireFly Studios
Sniper: Ghost Warrior 3,368070,2017-04-24,19.99,59,Mixed,66,CI Games,CI Games
Starpoint Gemini,108110,2010-12-15,13.99,46,Mostly Negative,29,Little Green Men Games,Little Green Men Games
Dangerous Waters,1600,2005-02-22,14.99,82,Mostly Positive,79,Sonalysts,Strategy First
The Town Of Light,433100,2016-02-26,18.99,64,Mostly Positive,79,LKA,Wired Productions
Nosferatu: The Wrath of Malachi,283290,2003-10-19,2.99,70,Very Positive,90,Idol FX,Funbox Media Ltd
ADR1FT,300060,2016-03-28,19.99,64,Mixed,57,THREE ONE ZERO,505 Games
Ash of Gods: Redemption,691690,2018-03-23,24.99,65,Mostly Positive,73,AurumDust,WhisperGames
Death Road to Canada,252610,2016-07-21,14.99,73,Very Positive,93,Rocketcat Games,Rocketcat Games
Ancient Enemy,993790,2020-04-09,14.99,73,Very Positive,91,Grey Alien Games,Grey Alien Games
Disciples II: Rise of the Elves,1630,2003-11-25,5.99,80,Very Positive,86,Strategy First,Strategy First
Puzzle Agent,31270,2010-06-30,4.99,70,Very Positive,88,Telltale,Telltale
Eagle Flight,408250,2016-10-13,19.99,74,Mixed,59,Ubisoft Montreal Studio,Ubisoft
The Binding of Isaac,113200,2011-09-28,4.99,84,Overwhelmingly Positive,95,Edmund McMillen,Edmund McMillen
Grow Up,426790,2016-08-16,9.99,71,Very Positive,91,"Reflections, a Ubisoft Studio",Ubisoft
Amnesia: A Machine For Pigs,239200,2013-09-10,19.99,72,Mixed,68,The Chinese Room,Frictional Games
Tails of Iron,1283410,2021-09-17,24.99,81,Very Positive,89,Odd Bug Studio,CI Games
Sniper: Ghost Warrior,34830,2010-06-24,7.99,55,Mixed,57,City Interactive,CI Games
112 Operator,793460,2020-04-23,24.99,73,Very Positive,88,Jutsu Games,Games Operators
Kero Blaster,292500,2014-05-11,9.99,82,Very Positive,94,Studio Pixel,PLAYISM
RAD,722560,2019-08-19,19.99,71,Mostly Positive,77,Double Fine Productions,BANDAI NAMCO Entertainment America Inc.
Patron,1538570,2021-08-10,19.99,71,Mostly Positive,74,Overseer Games,Overseer Games
Book of Demons,449960,2018-12-13,24.99,72,Very Positive,91,Thing Trunk,Thing Trunk
Eidolon,286140,2014-08-01,15.0,64,Mostly Positive,71,Badru,Ice Water Games
Neverending Nightmares,253330,2014-09-26,14.99,68,Mostly Positive,76,Infinitap Games,Infinitap Games
Sniper Ghost Warrior 2,34870,2013-03-11,9.99,52,Mostly Positive,74,City Interactive,CI Games
Beat Cop,461950,2017-03-30,14.99,71,Very Positive,83,Pixel Crow,11 bit studios
Avernum 2: Crystal Souls,337850,2015-01-14,19.99,78,Very Positive,93,Spiderweb Software,Spiderweb Software
Unbound: Worlds Apart,814680,2021-07-28,19.99,78,Very Positive,83,Alien Pixel Studios,Alien Pixel Studios
911 Operator,503560,2017-02-24,14.99,68,Very Positive,89,Jutsu Games,Games Operators
West of Dead,1016790,2020-06-18,19.99,69,Mostly Positive,78,Upstream Arcade,Raw Fury
Puzzle Agent 2,94590,2011-06-30,4.99,63,Very Positive,87,Telltale,Telltale
Duke Nukem Forever,57900,2011-06-13,19.99,54,Mixed,69,Gearbox Software,2K
Killing Floor: Incursion,690810,2017-08-16,19.99,68,Mixed,55,Tripwire Interactive,Tripwire Interactive
The Falconeer,1135260,2020-11-10,19.99,68,Very Positive,81,Tomas Sala,Wired Productions
Alex Kidd in Miracle World DX,1333470,2021-06-22,19.99,67,Very Positive,84,Merge Games,Merge Games
Project Freedom,34810,1970-01-01,2.99,71,Very Positive,86,City Interactive,CI Games
DeadCore,284460,2013-08-13,9.99,78,Very Positive,85,5 Bits Games,BANDAI NAMCO Entertainment
Euro Truck Simulator 2,227300,2013-01-16,19.99,79,Overwhelmingly Positive,97,SCS Software,SCS Software
House of the Dying Sun,283160,2016-11-01,19.99,76,Very Positive,89,"Marauder Interactive, LLC","Marauder Interactive, LLC"
Detached,436230,2017-02-22,24.99,67,Mixed,63,Anshar Studios,Anshar Studios
Iron Sky Invasion,224900,2012-12-13,19.99,49,Mixed,60,Reality Pump,Topware Interactive
Bound By Flame,243930,2014-05-08,6.99,56,Mixed,66,Spiders,Focus Entertainment
Driver Parallel Lines,21780,2007-06-26,9.99,61,Very Positive,90,Ubisoft Reflections,Ubisoft
Radio Commander,871530,2019-10-10,19.99,65,Mostly Positive,73,Serious Sim,PlayWay S.A.
The Alien Cube,1099220,2021-10-14,19.99,72,Very Positive,83,Alessandro Guzzo,Alessandro Guzzo
Baldur's Gate: Enhanced Edition,228280,2012-11-28,19.99,78,Very Positive,91,Beamdog,Beamdog
SteamWorld Heist,322190,2016-06-07,14.99,81,Overwhelmingly Positive,96,Image & Form Games,Image & Form Games
We. The Revolution,736850,2019-03-21,19.99,75,Mostly Positive,76,Polyslash,Klabater
Genesis Rising,3230,1970-01-01,4.99,57,Mostly Negative,28,Metamorf,THQ Nordic
BADLAND: Game of the Year Edition,269670,2015-05-26,9.99,79,Very Positive,86,Frogmind,Frogmind
Tom Clancy's Rainbow Six Lockdown,15000,2006-02-16,9.99,59,Mixed,58,Red Storm Entertainment,Ubisoft
SINNER: Sacrifice for Redemption,691280,2018-10-22,18.99,63,Mixed,66,DARK STAR,Neon Doctrine
Freaky Awesome,622370,2017-10-18,9.99,54,Mixed,57,Mandragora,Mandragora
Making History: The Calm and the Storm,6250,2007-03-13,3.99,70,Mostly Positive,79,Muzzy Lane,Strategy First
Drug Dealer Simulator,682990,2020-04-16,19.99,59,Very Positive,87,Byterunners,Movie Games S.A.
Darkstar One,12330,2006-08-14,8.99,71,Very Positive,82,Ascaron Entertainment ltd.,Strategy First
American Truck Simulator,270880,2016-02-02,19.99,76,Overwhelmingly Positive,96,SCS Software,SCS Software
Keep Talking and Nobody Explodes,341800,2015-10-08,14.99,71,Overwhelmingly Positive,97,Steel Crate Games,Steel Crate Games
"Trolley Problem, Inc.",1582680,2022-04-21,10.99,76,Mixed,67,Read Graves,Yogscast Games
Bus Driver,302080,2007-03-22,4.99,61,Very Positive,81,SCS Software,SCS Software
Ragnarock,1345820,2021-07-15,24.99,87,Overwhelmingly Positive,95,WanadevStudio,WanadevStudio
Feudal Alloy,699670,2019-01-17,16.99,76,Mixed,68,Attu Games,Attu Games
Chasm,312200,2018-07-30,19.99,72,Mostly Positive,74,"Bit Kid, Inc.","Bit Kid, Inc."
Stubbs the Zombie in Rebel Without a Pulse,7800,2005-11-21,19.99,72,Very Positive,90,Aspyr,Aspyr
Submarine Titans,1259380,2000-08-03,4.99,69,Very Positive,86,Ellipse Studios,Strategy First
Tower 57,530950,2017-11-16,11.99,72,Mixed,64,Pixwerk,11 bit studios
DOOM VFR,650000,2017-11-30,14.99,69,Mixed,57,id Software,Bethesda Softworks
Call of Cthulhu,399810,2018-10-29,19.99,67,Mostly Positive,78,Cyanide Studio,Focus Entertainment
Manifold Garden,473950,2019-10-18,19.99,85,Overwhelmingly Positive,95,William Chyr Studio,William Chyr Studio
NUTS,768450,2021-02-04,19.99,70,Very Positive,87,"Joon, Pol, Muutsch, Char & Torfi",Noodlecake
MOTHERGUNSHIP: FORGE,1931240,2022-06-16,19.99,84,Very Positive,93,"Terrible Posture Games, Inc.","Terrible Posture Games, Inc."
Don't Knock Twice,328590,2017-09-05,19.99,56,Mostly Positive,72,Wales Interactive,Wales Interactive
SteamWorld Dig,252410,2013-12-05,9.99,76,Very Positive,94,Image & Form Games,Image & Form Games
Manhunt,12130,2004-04-20,9.99,75,Mixed,69,Rockstar North,Rockstar Games
Wolfenstein: Cyberpilot,1056970,2019-07-25,19.99,54,Mixed,46,Arkane Studios,Bethesda Softworks
Dry Drowning,1077970,2019-08-02,19.99,68,Very Positive,83,Studio V,WhisperGames
Razor2: Hidden Skies,34920,2010-07-19,7.99,61,Mostly Negative,22,Invent4 Entertainment,Strategy First
The Shore,1297300,2021-02-19,11.99,59,Mostly Positive,72,Ares Dragonis,Dragonis Games
Moon Hunters,320040,2016-03-10,14.99,62,Very Positive,80,Kitfox Games,Kitfox Games
Shadowgrounds Survivor,11200,2007-11-14,9.99,79,Mixed,61,Frozenbyte,Frozenbyte
Hades,1145360,2018-12-06,24.99,93,Overwhelmingly Positive,98,Supergiant Games,Supergiant Games
Paws and Soul,911510,2020-07-16,11.99,48,Mixed,50,ELECTROSTALIN ENTERTAINMENT,ELECTROSTALIN ENTERTAINMENT
Citadels,238870,2013-07-25,14.99,20,Very Negative,13,Games Distillery s.r.o.,HandyGames
ATOM RPG: Trudograd,1139940,2021-09-13,10.99,80,Very Positive,90,AtomTeam,AtomTeam
Blacksad: Under the Skin,1003890,2019-11-14,19.99,65,Very Positive,85,Pendulo Studios,Microids
The Life and Suffering of Sir Brante,1272160,2021-03-04,19.99,82,Very Positive,91,Sever,101XP
The Count Lucanor,440880,2016-03-03,9.99,78,Very Positive,94,Baroque Decay,Neon Doctrine
Bully: Scholarship Edition,12200,2008-10-21,14.99,72,Very Positive,84,Rockstar New England,Rockstar Games
Fireburst,207190,2012-04-25,7.99,59,Mixed,56,exDream,Strategy First
Deaths Door,894020,2021-07-20,19.99,85,Very Positive,93,Studio Wildcard,Snail Games USA
Road Redemption,300380,2017-10-04,19.99,70,Very Positive,82,EQ Games,Tripwire Presents
Alfred Hitchcock - Vertigo,1449320,2021-12-16,19.99,61,Very Positive,81,Pendulo Studios,Microids
Lost in Play,1328840,2022-08-10,19.99,82,Overwhelmingly Positive,98,Happy Juice Games,Joystick Ventures
Curse of the Dead Gods,1123770,2021-02-23,19.99,78,Very Positive,85,Passtech Games,Focus Entertainment
Encodya,1137450,2021-01-26,24.99,67,Mostly Positive,76,Chaosmonger Studio,Assemble Entertainment
Shadowgrounds,2500,2006-04-25,6.99,74,Very Positive,81,Frozenbyte,Frozenbyte
Nihilumbra,252670,2013-09-24,7.99,75,Very Positive,88,BeautiFun Games,BeautiFun Games
SteamWorld Dig 2,571310,2017-09-22,19.99,85,Overwhelmingly Positive,95,Image & Form Games,Image & Form Games
Hell Architect,1063980,2021-08-18,24.99,59,Mixed,66,Woodland Games,Leonardo Interactive
Doorways: The Underworld,311250,2014-09-17,9.99,50,Mixed,66,Saibot Studios,Saibot Studios
Original Journey,639470,2017-08-16,11.99,66,Mixed,65,Bonfire Entertainment,Another Indie
FixFox,1696220,2022-03-31,14.99,76,Very Positive,88,Rendlike,Joystick Ventures
Aces and Adventures,1815570,2023-02-23,19.99,84,Very Positive,91,Triple.B.Titles,Yogscast Games
Lost Words: Beyond the Page,599610,2021-04-06,14.99,75,Very Positive,95,Sketchbook Games,Modus Games
Doomblade,922050,2023-05-31,14.99,83,Very Positive,90,Muro Studios,Iceberg Interactive
The Curious Tale of the Stolen Pets,1099500,2019-11-14,9.99,73,Very Positive,91,Fast Travel Games,Fast Travel Games
Lamentum,1033950,2021-08-27,15.99,74,Very Positive,87,Obscure Tales,Neon Doctrine
Jupiter Hell,811320,2021-08-05,24.99,78,Very Positive,91,ChaosForge,Hyperstrange
Star Trek: Bridge Crew,527100,2017-05-30,24.99,78,Mostly Positive,76,Ubisoft,Ubisoft
Call of Juarez: Gunslinger,204450,2013-05-22,14.99,79,Overwhelmingly Positive,95,Techland,Techland Publishing
Call of Juarez: Bound in Blood,21980,2009-06-30,9.99,78,Very Positive,85,Techland,Techland Publishing
MouseCraft,252750,2014-07-08,9.99,72,Very Positive,86,Crunching Koalas,Crunching Koalas
Mahokenshi,1717640,2023-01-24,24.99,72,Mostly Positive,78,Game Source Studio,Iceberg Interactive
FlatOut: Ultimate Carnage,12360,2008-08-26,19.99,79,Very Positive,86,Bugbear Entertainment,Strategy First
The Last Case of Benedict Fox,2023360,2023-04-27,24.99,58,Mostly Positive,72,Plot Twist,"Rogue Games, Inc."
Art of Murder  Hunt for the Puppeteer,832540,2009-02-17,4.99,56,Mixed,69,City Interactive S.A.,City Interactive S.A.
Giraffe and Annika,1122100,2020-02-17,19.99,67,Very Positive,91,atelier mimina,PLAYISM
Pizza Connection 3,588160,2018-03-22,19.99,55,Mixed,47,Gentlymad Studios,Assemble Entertainment
Jessika,1251980,2020-08-25,12.49,53,Mixed,68,Tritrie Games,Assemble Entertainment
FlatOut 2,2990,2006-08-01,9.99,76,Overwhelmingly Positive,96,Bugbear Entertainment,Strategy First
Megaquarium,600480,2018-09-13,24.99,69,Very Positive,94,Twice Circled,Twice Circled
The King's Bird,812550,2018-08-23,27.98,67,Mostly Positive,74,Serenity Forge,Graffiti Games
Orangeblood,1042670,2020-01-13,19.99,57,Mostly Positive,71,Grayfax Software,PLAYISM
Ducati World Championship,6270,2007-09-18,3.99,35,Mixed,41,Artematica Entertainment,Strategy First
Elderand,1413660,2023-02-16,19.99,70,Very Positive,80,Mantra,Graffiti Games
Art of Murder - FBI Confidential,809000,2008-07-29,4.99,50,Mostly Positive,72,City Interactive S.A.,City Interactive S.A.
Ceville,23460,2009-02-27,3.99,73,Very Positive,82,Realmforge Studios,Assemble Entertainment
Driftland: The Magic Revival,718650,2019-04-18,19.99,76,Mostly Positive,74,Star Drifters,Star Drifters
NORCO,1221250,2022-03-24,14.99,89,Very Positive,93,Geography of Robots,Raw Fury
Willy Morgan and the Curse of Bone Town,1097110,2020-08-11,19.99,71,Very Positive,86,imaginarylab,WhisperGames
Mind Scanners,1389550,2021-05-20,16.99,76,Very Positive,82,The Outer Zone,Brave At Night
Party Animals,1260320,2023-09-20,19.99,76,Mostly Positive,74,Recreate Games,Source Technology
Blind Fate: Edo no Yami,1294880,2022-09-15,19.99,54,Mixed,67,Troglobytes Games,101XP
FlatOut,6220,2005-07-12,7.49,72,Very Positive,92,Bugbear Entertainment,Strategy First
A Jugglers Tale,1252830,2021-09-29,17.99,74,Very Positive,94,kaleidoscube,Assemble Entertainment
I Expect You To Die 3: Cog in the Machine,2296380,2023-09-28,24.99,89,Very Positive,96,Schell Games,Schell Games
Call of Juarez,3020,2007-06-12,9.99,72,Very Positive,81,Techland,Techland Publishing
Inversion,212410,2012-07-26,9.99,59,Mixed,61,Dnovel,Conglomerate 5
The Darkest Tales,1307690,2022-10-13,19.99,74,Mostly Positive,72,Trinity Team,101XP
Frozenheim,1134100,2022-06-16,19.99,67,Mostly Positive,72,Paranoid Interactive,Hyperstrange
Red Ronin,1222570,2021-03-17,7.99,70,Very Positive,87,Wired Dreams Studio,Wired Dreams Studio
Espire 1: VR Operative,669290,2019-11-22,19.99,68,Mixed,51,Digital Lode,Tripwire Presents
Rise of Insanity,629220,2018-03-01,9.99,62,Mostly Positive,79,Red Limb Studio,Red Limb Studio
Lydia,629000,2017-06-02,3.99,78,Very Positive,88,Platonic Partnership,Nakana.io
Teslagrad 2,1698220,2023-04-19,19.99,71,Very Positive,85,Rain Games,Modus Games
COCOON,1497440,2023-09-29,24.99,88,Overwhelmingly Positive,96,Geometric Interactive,Annapurna Interactive
Sniper Art of Victory,271500,2008-10-16,2.99,36,Mostly Negative,32,CI Games,CI Games
Tom Clancy's Rainbow Six SIEGE,359550,2015-12-01,19.99,79,Very Positive,86,Ubisoft Montreal,Ubisoft
Antihero,505640,2017-07-10,14.99,81,Very Positive,86,Tim Conkling,Versus Evil
PAYDAY 2,218620,2013-08-13,9.99,79,Very Positive,89,OVERKILL - a Starbreeze Studio.,Starbreeze Publishing AB
The Vale: Shadow of the Crown,989790,2021-08-19,19.99,82,Very Positive,97,Falling Squirrel,Falling Squirrel Inc.
The Wolf Among Us,250320,2013-10-11,14.99,80,Overwhelmingly Positive,97,Telltale,Telltale
Space Empires V,1690,2006-10-16,14.99,68,Mostly Positive,71,Malfador Machinations,Strategy First
Summer in Mara,962580,2020-06-16,19.99,63,Mostly Positive,76,Chibig,Chibig
Mighty Goose,1299360,2021-06-05,19.99,71,Very Positive,85,Blastmode,PLAYISM
Interrogation: You Will Be Deceived,1016770,2019-12-05,12.99,67,Very Positive,81,Critique Gaming,Assemble Entertainment
SIMULACRA 2,1011190,2020-01-30,7.99,69,Very Positive,88,Kaigan Games,Neon Doctrine
Metal Gear Solid V: The Phantom Pain,287700,2015-09-01,19.99,91,Very Positive,91,KONAMI,KONAMI
Moss,846470,2018-06-07,19.99,81,Very Positive,94,Polyarc,Polyarc
Faeria,397060,2016-02-29,19.99,81,Very Positive,84,Abrakam Entertainment SA,Versus Evil
Inscryption,1092790,2021-10-19,19.99,85,Overwhelmingly Positive,96,Daniel Mullins Games,Devolver Digital
8BitBoy,296910,2012-11-22,6.99,64,Mostly Positive,73,AwesomeBlade,AwesomeBlade
Batman: The Enemy Within - The Telltale Series,675260,2017-08-08,14.99,79,Very Positive,91,Telltale,Telltale
Furi,423230,2016-07-05,19.99,76,Very Positive,91,The Game Bakers,The Game Bakers
Help Will Come Tomorrow,1119600,2020-04-21,19.99,67,Very Positive,81,Arclight Creations,Klabater
The Aquatic Adventure of the Last Human,401360,2016-01-19,9.99,76,Mostly Positive,75,YCJY Games,YCJY Games
Reus,222730,2013-05-16,9.99,75,Mostly Positive,78,Abbey Games,Abbey Games
Angry Birds VR: Isle of Pigs,1001140,2019-02-07,19.99,79,Very Positive,90,Resolution Games,Resolution Games
UnderMine,656350,2020-08-06,19.99,79,Very Positive,91,Thorium,Thorium
Until You Fall,858260,2019-10-10,24.99,87,Very Positive,94,Schell Games,Schell Games
RESTLESS SOUL,1748230,2022-09-01,14.99,54,Very Positive,94,Fuz Games,Graffiti Games
SUPERHOT,322500,2016-02-25,24.99,82,Very Positive,91,SUPERHOT Team,SUPERHOT Team
A Space for the Unbound,1201270,2023-01-19,19.99,86,Overwhelmingly Positive,98,Mojiken,Toge Productions
Broken Pieces,1293730,2022-09-09,24.99,66,Mostly Positive,74,Elseware Experience,Freedom Games
Minute of Islands,1049710,2021-06-13,19.99,73,Mostly Positive,78,Studio Fizbin,Assemble Entertainment
Unusual Findings,1605320,2022-10-12,19.99,73,Very Positive,91,Epic Llama Games,ESDigital Games
Dead Cells,588650,2018-08-06,24.99,89,Overwhelmingly Positive,97,Motion Twin,Motion Twin
BUTCHER,474210,2016-10-05,9.99,70,Very Positive,90,Phobia Game Studio,Transhuman Design
Narcosis,366870,2017-03-28,14.99,72,Mostly Positive,75,"Honor Code, Inc.","Honor Code, Inc."
Diaries of a Spaceport Janitor,436500,2016-09-16,9.99,69,Mostly Positive,79,Sundae Month,Sundae Month
Toodee and Topdee,1303950,2021-08-04,19.99,74,Overwhelmingly Positive,95,dietzribi,dietzribi
The Legend of Tianding,1406850,2021-11-01,19.99,81,Overwhelmingly Positive,95,Creative Games Computer Graphics Corporation, Neon Doctrine
Venba,1491670,2023-07-31,14.99,79,Very Positive,94,Visai Games,Visai Games
Trine 3: The Artifacts of Power,319910,2015-08-20,21.99,68,Mixed,64,Frozenbyte,Frozenbyte
Double Dragon Gaiden: Rise Of The Dragons,1967260,2023-07-27,24.99,78,Very Positive,83,Secret Base,Joystick
Planetbase,403190,2015-10-15,14.99,70,Mostly Positive,79,Madruga Works,Madruga Works
TASOMACHI: Behind the Twilight,1015890,2021-04-14,19.99,56,Mostly Positive,75,Orbital Express,PLAYISM
Project Wingman,895870,2020-12-01,24.99,75,Very Positive,94,Sector D2,Humble Games
Renowned Explorers: International Society,296970,2015-09-02,19.99,72,Very Positive,91,Abbey Games,Abbey Games
The Cosmic Wheel Sisterhood,1340480,2023-08-16,17.99,85,Overwhelmingly Positive,95,Deconstructeam,Devolver Digital
Dawn of Man,858810,2019-03-01,24.99,74,Very Positive,86,Madruga Works,Madruga Works
Atomicrops,757320,2020-05-28,14.99,78,Very Positive,93,Bird Bath Games,Raw Fury
"Warhammer 40,000: Boltgun",2005010,2023-05-23,21.99,75,Very Positive,92,Auroch Digital,Focus Entertainment
La-Mulana 2,835430,2018-07-30,24.99,79,Very Positive,83,NIGORO,PLAYISM
Viewfinder,1382070,2023-07-18,24.99,84,Very Positive,94,Sad Owl Studios,Thunderful Publishing
Jusant,1977170,2023-10-31,24.99,83,Overwhelmingly Positive,96,DON'T NOD,DON'T NOD
Vernal Edge,1546710,2023-03-14,16.99,76,Mostly Positive,76,Hello Penguin Team LLC,PID Games
Albino Lullaby: Episode 1,355860,2015-09-15,9.99,64,Mixed,67,Ape Law,Ape Law
GORN,578620,2018-08-24,19.99,85,Very Positive,94,Free Lives,Devolver Digital
Dream Pinball 3D,215790,2006-12-31,6.99,61,Mostly Negative,29,ASK Homework,Topware Interactive ACE
Lucifer Within Us,717560,2020-10-15,19.99,76,Mostly Positive,76,Kitfox Games,Kitfox Games
Check vs Mate,211070,2012-08-03,19.99,69,Mixed,65,Targem Games,Topware Interactive
Rusted Moss,1772830,2023-04-23,19.99,78,Very Positive,87,"faxdoc, happysquared, sunnydaze",PLAYISM
Contagion,238430,2013-10-25,9.99,62,Mostly Positive,75,"Monochrome, Inc","Monochrome, Inc"
Batman - The Telltale Series,498240,2016-08-02,14.99,64,Very Positive,84,Telltale,Telltale
Paradise Lost,982720,2021-03-24,14.99,58,Mixed,68,PolyAmorous,Walkabout
Shadwen,425210,2016-05-17,16.99,53,Mostly Positive,76,Frozenbyte,Frozenbyte
Amnesia: The Bunker,1944430,2023-06-06,24.99,78,Very Positive,93,Frictional Games,Frictional Games
My Beautiful Paper Smile,1036700,2021-10-14,14.99,63,Very Positive,86,Two Star Games,Surefire.Games
The I of the Dragon,279720,2004-11-02,6.99,55,Mostly Positive,73,Primal,TopWare Interactive
AWAY: The Survival Series,750200,2021-09-28,24.98,54,Mixed,55,Breaking Walls,Game Seer Ventures
XEL,1674640,2022-07-12,14.99,46,Mixed,43,Tiny Roar,Assemble Entertainment
Ash Of Gods: The Way,1293460,2023-04-27,24.99,80,Very Positive,88,AurumDust,Game Seer
An Airport for Aliens Currently Run by Dogs,1246250,2021-05-25,19.99,64,Very Positive,91,Strange Scaffold,Strange Scaffold
The Case of the Golden Idol,1677770,2022-10-13,17.99,84,Overwhelmingly Positive,98,Color Gray Games,Playstack
Bio Inc. Redemption,612470,2018-03-08,12.99,58,Very Positive,89,DryGin Studios,DryGin Studios
Rock n Roll Will Never Die!,1644080,2022-04-28,14.99,79,Positive,94,Valtteri Tavast,Instant Million
Turbo Overkill,1328350,2023-07-18,26.98,91,Overwhelmingly Positive,96,Trigger Happy Interactive,Apogee Entertainment
Nightmare of Decay,1848450,2022-05-03,4.99,74,Overwhelmingly Positive,96,Checkmaty,Checkmaty
X-Blades,7510,2009-02-09,9.99,54,Mixed,59,Gaijin Entertainment,Topware Interactive
Synth Riders,885000,2018-06-21,24.99,83,Very Positive,94,Kluge Interactive,Kluge Interactive
Kathy Rain: Directors Cut,1395030,2021-10-26,24.98,83,Very Positive,94,Clifftop Games,Raw Fury
Flatout 3: Chaos and Destruction,201510,2011-12-13,9.99,23,Overwhelmingly Negative,16,Team 6 Studios,Strategy First
Fleet Command,2910,1970-01-01,9.99,80,Very Positive,86,Sonalysts,Strategy First
SKYHILL,382140,2015-10-06,19.98,63,Mostly Positive,76,Mandragora,Daedalic Entertainment
Judgment: Apocalypse Survival Simulation,455980,2018-05-03,19.99,72,Very Positive,80,Suncrash,Suncrash
Among Us VR,1849900,2022-11-10,9.99,82,Mostly Positive,77,Schell Games,Innersloth
Long Gone Days,510540,2023-10-10,24.99,69,Very Positive,93,This I Dreamt,Serenity Forge
Turnip Boy Commits Tax Evasion,1205450,2021-04-22,14.99,72,Overwhelmingly Positive,95,Snoozy Kazoo,Graffiti Games
Construction Simulator 2015,289950,2014-11-18,14.99,63,Mostly Positive,79,weltenbauer. Software Entwicklung GmbH,astragon Entertainment
STRIDE,1292040,2020-09-04,19.99,71,Very Positive,82,Joy Way,Joy Way
Terra Nil,1593030,2023-03-28,24.99,79,Very Positive,85,Free Lives,Devolver Digital
South of the Circle,1811040,2022-08-03,12.99,75,Very Positive,83,State of Play,11 bit studios
Pineview Drive,288880,2014-07-31,20.96,58,Mixed,68,VIS-Games,United Independent Entertainment
SUPERHOT VR,617830,2016-12-05,24.99,83,Very Positive,83,SUPERHOT Team,SUPERHOT Team
Full Void,1859580,2023-07-18,14.99,68,Very Positive,93,OutOfTheBit Ltd,OutOfTheBit Ltd
ITORAH,1132910,2022-03-21,19.99,61,Mostly Positive,74,Grimbart Tales,Assemble Entertainment
We Were Here Forever,1341290,2022-05-10,17.99,76,Very Positive,91,Total Mayhem Games,Total Mayhem Games
Blue Fire,1220150,2021-02-04,19.99,70,Very Positive,84,Robi Studios,Graffiti Games
Six Ages: Ride Like the Wind,881420,2019-10-17,19.99,87,Very Positive,80,A Sharp,Kitfox Games
House of Caravan,353550,2015-04-16,1.99,39,Mixed,66,Rosebud Games,Senpai Studios
Airborne Kingdom,982290,2020-12-17,24.99,76,Very Positive,87,The Wandering Band LLC,Freedom Games
Please Fix The Road,1383250,2022-06-10,9.99,80,Very Positive,83,ARIELEK,ARIELEK
Coromon,1218210,2022-03-31,19.99,73,Very Positive,87,TRAGsoft,Freedom Games
Fight Crab,1213750,2020-07-29,19.99,60,Very Positive,93,Calappa Games,PLAYISM
I Expect You To Die 2: The Spy and the Liar,1499120,2021-08-24,24.99,83,Overwhelmingly Positive,96,Schell Games,Schell Games
Onde,1676910,2022-03-17,13.99,76,Very Positive,91,Lance,Assemble Entertainment
Hammerwatch II,1538970,2023-08-15,24.99,67,Mixed,64,Crackshell,Modus Games
Boyfriend Dungeon,674930,2021-08-11,19.99,70,Very Positive,91,Kitfox Games,Kitfox Games
SUPERHOT: MIND CONTROL DELETE,690040,2020-07-16,24.99,78,Very Positive,85,SUPERHOT Team,SUPERHOT Team
World War III: Black Gold,254080,2001-10-16,4.99,71,Mixed,58,Reality Pump,Topware Interactive
Coffee Talk Episode 2: Hibiscus and Butterfly,1663220,2023-04-20,14.99,79,Overwhelmingly Positive,98,Toge Productions,Toge Productions
The Innsmouth Case,1231950,2020-06-23,12.49,73,Mixed,67,RobotPumpkin Games,Assemble Entertainment
Immortal: Unchained,369440,2018-09-07,10.99,63,Mixed,66,Toadman Interactive,Game Odyssey Limited
Green Hell,815370,2019-09-05,24.99,78,Very Positive,87,Creepy Jar,Creepy Jar
Lethal VR,532270,2016-11-08,4.99,66,Very Positive,81,Three Fields Entertainment,Team17 Digital Ltd
The Last Clockwinder,1755100,2022-06-02,24.99,80,Very Positive,97,Pontoco,Cyan Ventures
Car Mechanic Simulator 2021,1190000,2021-08-11,24.99,70,Overwhelmingly Positive,96,Red Dot Games,PlayWay S.A.
Revenge of the Titans,93200,2010-05-24,19.99,79,Very Positive,81,Puppygames,Puppygames
I Expect You To Die,587430,2016-11-30,24.99,77,Overwhelmingly Positive,95,Schell Games,Schell Games
Idol Manager,821880,2021-07-26,19.99,73,Very Positive,87,Glitch Pitch,PLAYISM
Towaga: Among Shadows,907600,2020-07-14,8.99,58,Very Positive,88,Sunnyside Games,Noodlecake
The Amazing American Circus,1433860,2021-09-16,14.99,53,Mixed,64,Klabater,Klabater
Tribe: Primitive Builder,1059900,2023-10-12,21.98,64,Very Positive,84,Space Boat Studios,Polyslash
"Sir, You Are Being Hunted",242880,2014-05-02,19.99,63,Mostly Positive,79,Big Robot Ltd,Big Robot Ltd
Joe Danger 2: The Movie,242110,2013-06-24,14.99,82,Very Positive,81,Hello Games,Hello Games
Warhammer Age of Sigmar: Tempestfall,1337100,2021-11-17,19.99,62,Mixed,65,Carbon Studio,Carbon Studio
Rainbow Billy: The Curse of the Leviathan,1106830,2021-10-05,19.99,81,Very Positive,94,ManaVoid Entertainment,Skybound Games
World War II: Panzer Claws,254100,2002-11-12,4.99,61,Mixed,69,BROKEN_ERROR,Topware Interactive
Pacific Storm,11250,2006-10-02,7.99,67,Mixed,67,Buka Entertainment,ESDigital Games
Hatred,341940,2015-06-01,5.99,43,Very Positive,81,Destructive Creations,Destructive Creations
Achilles: Legends Untold,1314000,2023-11-02,28.98,67,Mostly Positive,77,Dark Point Games,Galaktus
I fell from Grace,672230,2017-12-20,7.99,62,Mostly Positive,72,Deep Taiga,Deep Taiga
Bright Memory: Infinite,1178830,2021-11-11,19.99,67,Very Positive,92,FYQD-Studio,PLAYISM
Jet Kave Adventure,1383700,2021-01-15,14.99,65,Positive,86,7Levels S.A,7Levels S.A.
Megs Monster,1783360,2023-03-02,14.99,85,Overwhelmingly Positive,98,Odencat,Odencat
The Wizards - Dark Times,1103860,2020-06-04,24.99,83,Mostly Positive,79,Carbon Studio,Vertigo Games
Pixel Ripped 1995,1178140,2020-04-23,19.99,78,Very Positive,96,ARVORE Immersive Experiences,ARVORE Immersive Experiences
This is the Zodiac Speaking,907710,2020-10-15,12.99,59,Mixed,49,Punch Punk Games,Klabater
Thomas Was Alone,220780,2012-06-30,9.99,77,Very Positive,93,Bithell Games,Bithell Games
The Sum of All Fears,19810,2002-05-28,9.99,72,Positive,80,Red Storm Entertainment,Ubisoft
Troublemaker,1498740,2023-03-31,19.99,57,Very Positive,90,Gamecom Team,Freedom Games
Volume,365770,2015-08-18,19.99,80,Mostly Positive,79,Bithell Games,Bithell Games
Symphony of War: The Nephilim Saga,1488200,2022-06-10,19.99,81,Overwhelmingly Positive,95,Dancing Dragon Games,Freedom Games
Demetrios: The BIG Cynical Adventure,451570,2016-05-31,13.97,72,Very Positive,81,COWCAT,COWCAT
Armada 2526,46790,2009-11-17,14.99,66,Mixed,55,Ntronium Games,Iceberg Interactive
The Moment of Silence,339840,2005-03-01,14.99,70,Mixed,65,House of Tales,HandyGames
Lamplight City,761460,2018-09-13,21.98,72,Very Positive,90,Grundislav Games,Application Systems Heidelberg
The Solitaire Conspiracy,1424980,2020-10-06,11.99,70,Very Positive,90,Bithell Games,Bithell Games
Soulbringer,283310,2000-07-10,2.99,70,Mostly Positive,75,Infogames Europe SA,Funbox Media Ltd
Job Simulator,448280,2016-04-05,19.99,68,Very Positive,91,Owlchemy Labs,Owlchemy Labs
The Longing,893850,2020-03-05,17.98,79,Very Positive,92,Studio Seufz,Application Systems Heidelberg
Curved Space,1320230,2021-06-29,19.99,63,Positive,100,Only By Midnight Ltd.,Maximum Games
Eurofighter Typhoon,283350,2001-07-30,2.99,69,Mostly Negative,31,Rage Software,Funbox Media Ltd
Whateverland,1175840,2022-09-15,14.99,70,Very Positive,88,Caligari Games,WhisperGames
Mobile Forces,837940,2002-08-16,3.99,68,Very Positive,91,Rage Software,Funbox Media Ltd
Incoming Forces,283390,2002-09-25,2.99,67,Mixed,69,Rage Software,Funbox Media Ltd
Broken Age,232790,2014-01-28,21.98,76,Very Positive,82,Double Fine Productions,Double Fine Productions
Effie,975950,2020-01-28,19.99,70,Very Positive,80,Inverge Studios,Inverge Studios
RymdResa,269690,2015-08-20,11.99,64,Mostly Positive,71,Morgondag,Morgondag
Unknown Fate,510390,2018-09-06,9.99,48,Mixed,56,Marslit Games,Fulqrum Publishing
DRAINUS,1975360,2022-05-22,14.99,81,Overwhelmingly Positive,96,Team Ladybug,PLAYISM
Lumini,360840,2015-09-03,12.99,69,Very Positive,89,Speelbaars,2Awesome Studio
Of Bird and Cage,523770,2021-05-20,9.99,43,Very Positive,81,Capricia Productions,Capricia Productions
Trifox,1211240,2022-10-14,19.99,80,Positive,86,Glowfish Interactive,Big Sugar
Down the Rabbit Hole,1215270,2020-03-26,19.99,68,Very Positive,93,Cortopia Studios,Cortopia Studios
Nelly Cootalot: The Fowl Fleet,317320,2016-03-22,26.95,81,Very Positive,93,Alasdair Beckett-King,Application Systems Heidelberg
Record of Lodoss War-Deedlit in Wonder Labyrinth-,1203630,2021-03-27,19.99,74,Very Positive,93,Team Ladybug,PLAYISM
Infinity Runner,279920,2014-07-14,6.99,56,Mixed,69,Wales Interactive,Wales Interactive
Unforeseen Incidents,501790,2018-05-24,25.97,80,Very Positive,87,Backwoods Entertainment,Application Systems Heidelberg
Marine Sharpshooter II: Jungle Warfare,283370,2004-06-24,2.99,52,Mixed,49,Jarhead Games,Funbox Media Ltd
Prospekt,399120,2016-02-18,5.99,43,Mixed,62,SCT,SCT
Roots of Pacha,1245560,2023-04-25,24.99,82,Very Positive,92,Soda Den,Soda Den
Post Void,1285670,2020-08-06,2.99,76,Overwhelmingly Positive,97,YCJY Games,YCJY Games
FORECLOSED,1308880,2021-08-12,16.99,53,Mixed,69,Antab Studio,Merge Games
Bonkies,889260,2021-01-29,14.99,76,Positive,95,Studio Gauntlet,Crunching Koalas
Albedo: Eyes from Outer Space,277520,2015-04-10,14.99,66,Mixed,47,Z4G0 and Ivan Venturi Productions,Merge Publishing
Beyond the Long Night,1730080,2023-04-17,17.99,76,Mostly Positive,72,Noisy Head Games,Yogscast Games
Chronicles of Mystery The Tree of Life,837090,2009-11-03,4.99,64,Mostly Positive,72,City Interactive S.A.,City Interactive S.A.
Loot River,1494260,2022-05-03,24.99,72,Mostly Positive,71,straka.studio,SUPERHOT PRESENTS
Monorail Stories,1267070,2022-09-30,14.99,80,Mostly Positive,75,Stelex Software,Freedom Games
Chronicles of Mystery: The Scorpio Ritual,34800,2008-11-14,4.99,62,Mostly Positive,73,City Interactive S.A.,City Interactive S.A.
Testament: The Order Of High-Human,2176430,2023-07-13,19.99,41,Mixed,41,Fairyship Games,Fairyship Games
Art of Murder - Cards of Destiny,836770,2010-02-23,4.99,57,Mostly Positive,72,City Interactive S.A.,City Interactive S.A.
Megamagic: Wizards of the Neon Age,422650,2016-04-20,9.99,67,Mixed,57,BeautiFun Games,BeautiFun Games
Subsurface Circular,676820,2017-08-17,5.99,83,Overwhelmingly Positive,95,Bithell Games,Bithell Games
Crime Cities,1112570,2000-01-15,3.99,71,Mixed,65,Techland,Techland Publishing
Dangerous Golf,405500,2016-06-02,24.98,54,Mostly Positive,72,Three Fields Entertainment,Three Fields Entertainment 
REZ PLZ,911680,2020-07-15,14.99,75,Mostly Positive,71,Long Neck Games,Graffiti Games
The Banished Vault,2341070,2023-07-25,24.99,70,Very Positive,82,Lunar Division,Bithell Games
Arcade Paradise,1388870,2022-08-11,22.98,72,Very Positive,89,Nosebleed Interactive,Wired Productions
Hexodius,236490,2013-06-21,9.99,47,Mixed,60,Brain Slap Studio,BANDAI NAMCO Entertainment
Outshine,1288410,2022-11-03,12.99,76,Positive,95,Fishing Cactus,PID Games
Quarantine Circular,853500,2018-05-22,5.99,73,Very Positive,88,Bithell Games,Bithell Games
Wraith: The Oblivion - Afterlife,1386870,2021-04-22,19.99,76,Mixed,57,Fast Travel Games,Fast Travel Games
Mable and The Wood,568070,2019-08-23,14.99,62,Mixed,56,Triplevision Games,Graffiti Games
The Last Worker,1579280,2023-03-30,19.99,53,Mostly Positive,70,Oiffy,Wired Productions
The Tale of Bistun,916140,2022-07-13,17.99,74,Very Positive,89,Black Cube Games,IMGN.PRO
Journey For Elysium,1036260,2019-10-31,9.99,63,Very Positive,80,Mantis,Cronos Interactive
Fueled Up,1488430,2022-10-13,19.99,66,Mostly Positive,72,Fireline Games,Gamera Games
Demon Skin,1522140,2021-04-13,9.99,48,Mostly Positive,74,Ludus future,ESDigital Games
Tentacular,1220100,2022-03-24,24.99,81,Very Positive,94,Firepunchd Games UG,Devolver Digital
Best Month Ever!,1684400,2022-05-05,19.99,65,Mostly Positive,78,Warsaw Film School Video Game & Film Production Studio,Klabater
